NYY, 1970, 150.085889571, 147.0, 26.0154269412, A, NYY
NYY, 1971, 148.327160494, 143.0, 24.0462081523, A, NYY
NYY, 1972, 146.675324675, 142.0, 24.7674595683, A, NYY
NYY, 1973, 146.716049383, 148.0, 19.3143166806, A, NYY
NYY, 1974, 153.679012346, 152.5, 26.0935293812, A, NYY
NYY, 1975, 146.149350649, 142.5, 25.3696777971, A, NYY
NYY, 1976, 150.208860759, 145.0, 31.2314864243, A, NYY
NYY, 1977, nan, nan, 0.0, A, NYY
NYY, 1978, nan, nan, 0.0, A, NYY
NYY, 1979, 150.25625, 146.0, 25.2886453955, A, NYY
NYY, 1980, nan, nan, 0.0, A, NYY
NYY, 1981, nan, nan, 0.0, A, NYY
NYY, 1982, 162.790123457, 157.5, 27.7420730751, A, NYY
NYY, 1983, 162.919753086, 161.0, 24.6681627162, A, NYY
NYY, 1984, 163.660493827, 157.5, 28.3795186928, A, NYY
NYY, 1985, nan, nan, 0.0, A, NYY
NYY, 1986, nan, nan, 0.0, A, NYY
NYY, 1987, 178.080246914, 174.0, 28.0460332344, A, NYY
NYY, 1988, 181.913043478, 178.0, 31.0142005752, A, NYY
NYY, 1989, nan, nan, 0.0, A, NYY
NYY, 1990, 177.086419753, 172.5, 27.589001893, A, NYY
NYY, 1991, 179.685185185, 174.0, 29.5875917065, A, NYY
NYY, 1992, 180.25308642, 178.0, 27.6524532273, A, NYY
NYY, 1993, 177.858024691, 176.0, 24.5590413021, A, NYY
NYY, 1994, nan, nan, 0.0, A, NYY
NYY, 1995, 180.765517241, 178.0, 23.2945202356, A, NYY
NYY, 1996, nan, nan, 0.0, A, NYY
NYY, 1997, 190.87654321, 189.5, 30.0683922951, A, NYY
NYY, 1998, nan, nan, 0.0, A, NYY
NYY, 1999, nan, nan, 0.0, A, NYY
NYY, 2000, nan, nan, 0.0, A, NYY
NYY, 2001, nan, nan, 0.0, A, NYY
NYY, 2002, 189.186335404, 186.0, 30.9929274579, A, NYY
NYY, 2003, nan, nan, 0.0, A, NYY
NYY, 2004, 178.771604938, 176.0, 24.3549560681, A, NYY
NYY, 2005, 182.09375, 181.0, 23.2203566066, A, NYY
NYY, 2006, 187.790123457, 186.5, 23.8297542246, A, NYY
NYY, 2007, nan, nan, 0.0, A, NYY
NYY, 2008, nan, nan, 0.0, A, NYY
NYY, 2009, nan, nan, 0.0, A, NYY
MIL, 1970, 155.687116564, 154.0, 23.471042457, A, MIL
MIL, 1971, 148.813664596, 147.0, 20.003168994, A, MIL
MIL, 1972, 144.070512821, 140.0, 26.6005861174, A, MIL
MIL, 1973, 156.820987654, 155.0, 24.5723683823, A, MIL
MIL, 1974, 147.987421384, 144.0, 25.4528760336, A, MIL
MIL, 1975, 157.339869281, 154.0, 24.9415430017, A, MIL
MIL, 1976, 150.0, 148.0, 23.7172158803, A, MIL
MIL, 1977, 154.302469136, 150.5, 24.9325236317, A, MIL
MIL, 1978, 147.522012579, 145.0, 21.5271764699, A, MIL
MIL, 1979, 157.075949367, 154.0, 28.5946229131, A, MIL
MIL, 1980, 158.024691358, 154.5, 22.9825351343, A, MIL
MIL, 1981, 155.798165138, 150.0, 25.2000363392, A, MIL
MIL, 1982, 162.736196319, 162.0, 22.0509249478, A, MIL
MIL, 1983, 165.271604938, 161.0, 28.7185200045, A, MIL
MIL, 1984, 160.565217391, 156.0, 32.0032573281, A, MIL
MIL, 1985, 163.596273292, 159.0, 24.7565485112, A, MIL
MIL, 1986, 166.391304348, 165.0, 23.0028823236, A, MIL
MIL, 1987, 176.987654321, 174.0, 26.0540718967, A, MIL
MIL, 1988, 165.777777778, 162.5, 24.8757405746, A, MIL
MIL, 1989, 168.950617284, 166.0, 20.2102536221, A, MIL
MIL, 1990, 176.265432099, 173.0, 28.9219454483, A, MIL
MIL, 1991, 176.672839506, 170.0, 31.9231001633, A, MIL
MIL, 1992, 176.617283951, 173.0, 25.9332323626, A, MIL
MIL, 1993, 175.067901235, 170.0, 31.6327550474, A, MIL
MIL, 1994, 183.156521739, 179.0, 29.3437175868, A, MIL
MIL, 1995, 177.090277778, 176.0, 27.3658123076, A, MIL
MIL, 1996, 181.512345679, 180.0, 26.2803587303, A, MIL
MIL, 1997, 175.254658385, 173.0, 25.5024732702, A, MIL
MIL, 1998, 171.154320988, 165.5, 25.8811554944, N, MIL
MIL, 1999, 184.055900621, 179.0, 26.6831531859, N, MIL
MIL, 2000, 184.312883436, 177.0, 32.6876876827, N, MIL
MIL, 2001, 175.049382716, 174.0, 25.9036206224, N, MIL
MIL, 2002, 170.932098765, 168.5, 22.0572002027, N, MIL
MIL, 2003, 169.913580247, 167.0, 23.0379169641, N, MIL
MIL, 2004, 174.714285714, 172.0, 26.9974529674, N, MIL
MIL, 2005, 173.055900621, 170.0, 25.7882558968, N, MIL
MIL, 2006, 172.401234568, 171.5, 23.6297207385, N, MIL
MIL, 2007, 172.913580247, 171.0, 24.9214556433, N, MIL
MIL, 2008, 175.351851852, 172.5, 25.5626734585, N, MIL
MIL, 2009, 179.530864198, 176.0, 23.9985011979, N, MIL
MIN, 1970, 158.444444444, 156.0, 25.1042271784, A, MIN
MIN, 1971, 156.45625, 154.5, 22.8920965824, A, MIN
MIN, 1972, 152.013071895, 145.0, 29.9363129938, A, MIN
MIN, 1973, 158.49382716, 157.5, 23.3632736253, A, MIN
MIN, 1974, 153.222222222, 150.0, 26.0422259199, A, MIN
MIN, 1975, 155.981132075, 154.0, 24.667721811, A, MIN
MIN, 1976, 158.025, 153.5, 28.5538854624, A, MIN
MIN, 1977, 161.49689441, 158.0, 26.5461333404, A, MIN
MIN, 1978, 155.534591195, 152.0, 23.3391133562, A, MIN
MIN, 1979, 152.9125, 150.0, 22.3820205466, A, MIN
MIN, 1980, 155.229813665, 151.0, 26.3773967907, A, MIN
MIN, 1981, 147.536363636, 142.5, 20.1136214689, A, MIN
MIN, 1982, 153.697530864, 149.5, 26.3972710678, A, MIN
MIN, 1983, 155.012345679, 152.0, 21.4026615555, A, MIN
MIN, 1984, 151.814814815, 151.0, 19.1324887613, A, MIN
MIN, 1985, 161.62345679, 160.0, 19.7715394132, A, MIN
MIN, 1986, 171.098765432, 167.5, 24.7197151979, A, MIN
MIN, 1987, 171.030864198, 166.5, 25.8331356837, A, MIN
MIN, 1988, 169.50617284, 168.0, 23.342127156, A, MIN
MIN, 1989, 164.296296296, 165.0, 21.4513198215, A, MIN
MIN, 1990, 161.111111111, 159.5, 22.5525449551, A, MIN
MIN, 1991, 167.197530864, 165.0, 24.1846904707, A, MIN
MIN, 1992, 173.160493827, 170.5, 27.2611770215, A, MIN
MIN, 1993, 170.234567901, 167.0, 28.2963905585, A, MIN
MIN, 1994, 176.85840708, 174.0, 27.1371042914, A, MIN
MIN, 1995, 174.0625, 171.5, 29.3146765361, A, MIN
MIN, 1996, 175.50617284, 175.0, 22.9204870657, A, MIN
MIN, 1997, 175.716049383, 170.0, 24.2981656412, A, MIN
MIN, 1998, 177.864197531, 176.0, 26.8048517289, A, MIN
MIN, 1999, 177.149068323, 173.0, 25.1320021126, A, MIN
MIN, 2000, 178.654320988, 177.5, 21.5891264891, A, MIN
MIN, 2001, 176.308641975, 172.0, 26.1572367888, A, MIN
MIN, 2002, 174.47826087, 171.0, 26.2468186671, A, MIN
MIN, 2003, 167.00617284, 161.5, 26.9385438931, A, MIN
MIN, 2004, 168.074074074, 161.5, 28.7703884884, A, MIN
MIN, 2005, 162.801242236, 158.0, 26.0767667174, A, MIN
MIN, 2006, 166.271604938, 162.5, 23.5592305025, A, MIN
MIN, 2007, 167.586419753, 165.0, 23.7384526995, A, MIN
MIN, 2008, 173.214723926, 170.0, 27.0495438042, A, MIN
MIN, 2009, 176.484662577, 174.0, 27.2762185072, A, MIN
ATL, 1970, 152.777777778, 150.5, 22.5147413986, N, ATL
ATL, 1971, 146.296296296, 141.0, 26.7634560338, N, ATL
ATL, 1972, 147.276315789, 145.0, 22.1757920906, N, ATL
ATL, 1973, 154.327160494, 147.0, 28.0717401605, N, ATL
ATL, 1974, 144.650306748, 141.0, 22.2756115068, N, ATL
ATL, 1975, 144.019354839, 141.0, 23.3012448699, N, ATL
ATL, 1976, 144.863354037, 141.0, 19.3141717012, N, ATL
ATL, 1977, 155.055555556, 151.0, 23.5427769322, N, ATL
ATL, 1978, 149.987654321, 146.5, 24.3551367701, N, ATL
ATL, 1979, 150.683544304, 147.5, 21.5987835474, N, ATL
ATL, 1980, 148.8875, 147.0, 20.8449596725, N, ATL
ATL, 1981, 157.214953271, 156.0, 24.8039143871, N, ATL
ATL, 1982, 160.432098765, 157.0, 24.4794891577, N, ATL
ATL, 1983, 160.413580247, 159.0, 20.9147726933, N, ATL
ATL, 1984, 154.574074074, 152.5, 22.8269944041, N, ATL
ATL, 1985, 156.796296296, 151.5, 28.3462146947, N, ATL
ATL, 1986, 162.52173913, 160.0, 23.7173016377, N, ATL
ATL, 1987, 165.751552795, 162.0, 24.3463699019, N, ATL
ATL, 1988, 161.25625, 156.5, 29.5309682526, N, ATL
ATL, 1989, 163.273291925, 160.0, 26.9365455364, N, ATL
ATL, 1990, 168.487654321, 165.5, 25.5867533374, N, ATL
ATL, 1991, 172.037037037, 167.0, 26.8927657648, N, ATL
ATL, 1992, 169.913580247, 167.0, 26.4886174161, N, ATL
ATL, 1993, 168.586419753, 168.0, 23.152912267, N, ATL
ATL, 1994, 167.973684211, 168.0, 25.3409939455, N, ATL
ATL, 1995, 161.083333333, 161.5, 23.5467914776, N, ATL
ATL, 1996, 163.611111111, 159.0, 29.924235605, N, ATL
ATL, 1997, 167.543209877, 163.5, 27.8884680724, N, ATL
ATL, 1998, 161.808641975, 162.0, 22.9087114679, N, ATL
ATL, 1999, 169.086419753, 167.0, 26.319122997, N, ATL
ATL, 2000, 174.012345679, 173.0, 23.5361522953, N, ATL
ATL, 2001, 173.043209877, 169.0, 23.5896893059, N, ATL
ATL, 2002, 177.50310559, 173.0, 29.9929855617, N, ATL
ATL, 2003, 173.956790123, 172.0, 22.4037994919, N, ATL
ATL, 2004, 170.335403727, 167.0, 23.0427483101, N, ATL
ATL, 2005, 166.564935065, 163.0, 22.979924984, N, ATL
ATL, 2006, 170.333333333, 168.0, 25.3021250266, N, ATL
ATL, 2007, 173.024691358, 171.0, 26.5101775512, N, ATL
ATL, 2008, 172.24691358, 170.0, 27.8652094534, N, ATL
ATL, 2009, 173.845679012, 168.5, 24.8907665432, N, ATL
BOS, 1970, 153.87654321, 150.0, 25.9875956716, A, BOS
BOS, 1971, 147.074074074, 141.5, 24.5865956544, A, BOS
BOS, 1972, nan, nan, 0.0, A, BOS
BOS, 1973, 154.925925926, 155.0, 21.9698321654, A, BOS
BOS, 1974, 153.819875776, 151.0, 25.3680701638, A, BOS
BOS, 1975, nan, nan, 0.0, A, BOS
BOS, 1976, nan, nan, 0.0, A, BOS
BOS, 1977, nan, nan, 0.0, A, BOS
BOS, 1978, nan, nan, 0.0, A, BOS
BOS, 1979, nan, nan, 0.0, A, BOS
BOS, 1980, 164.3875, 161.0, 23.3602192573, A, BOS
BOS, 1981, 160.055555556, 155.5, 30.393966669, A, BOS
BOS, 1982, nan, nan, 0.0, A, BOS
BOS, 1983, nan, nan, 0.0, A, BOS
BOS, 1984, nan, nan, 0.0, A, BOS
BOS, 1985, nan, nan, 0.0, A, BOS
BOS, 1986, nan, nan, 0.0, A, BOS
BOS, 1987, nan, nan, 0.0, A, BOS
BOS, 1988, 174.561728395, 175.0, 20.1778944435, A, BOS
BOS, 1989, 176.722222222, 174.5, 29.2982218312, A, BOS
BOS, 1990, 177.882716049, 177.0, 24.3110973498, A, BOS
BOS, 1991, 179.481481481, 177.0, 25.0831265458, A, BOS
BOS, 1992, nan, nan, 0.0, A, BOS
BOS, 1993, 179.24691358, 176.0, 28.3984136508, A, BOS
BOS, 1994, 186.469565217, 181.0, 25.8269565071, A, BOS
BOS, 1995, nan, nan, 0.0, A, BOS
BOS, 1996, nan, nan, 0.0, A, BOS
BOS, 1997, 180.580246914, 178.0, 26.9227813018, A, BOS
BOS, 1998, 172.944444444, 172.0, 21.7716119389, A, BOS
BOS, 1999, nan, nan, 0.0, A, BOS
BOS, 2000, nan, nan, 0.0, A, BOS
BOS, 2001, nan, nan, 0.0, A, BOS
BOS, 2002, nan, nan, 0.0, A, BOS
BOS, 2003, nan, nan, 0.0, A, BOS
BOS, 2004, nan, nan, 0.0, A, BOS
BOS, 2005, nan, nan, 0.0, A, BOS
BOS, 2006, 188.216049383, 183.0, 32.2160375551, A, BOS
BOS, 2007, nan, nan, 0.0, A, BOS
BOS, 2008, 185.5, 181.0, 28.278432649, A, BOS
BOS, 2009, 186.24691358, 182.5, 32.9509665136, A, BOS
DET, 1970, 159.302469136, 157.0, 22.1674573811, A, DET
DET, 1971, 161.62345679, 159.0, 27.1781991954, A, DET
DET, 1972, 152.823529412, 149.0, 23.7762218911, A, DET
DET, 1973, 155.345679012, 154.0, 21.2310397586, A, DET
DET, 1974, 144.761006289, 143.0, 21.2210466074, A, DET
DET, 1975, 143.222929936, 143.0, 21.117082989, A, DET
DET, 1976, 141.439490446, 140.0, 25.0732271708, A, DET
DET, 1977, 148.111111111, 145.5, 22.6456874591, A, DET
DET, 1978, 151.407407407, 147.0, 23.2417662456, A, DET
DET, 1979, 156.41875, 155.5, 25.2946318107, A, DET
DET, 1980, 165.742331288, 165.0, 24.4962971928, A, DET
DET, 1981, 156.697247706, 153.0, 20.7746778587, A, DET
DET, 1982, 160.907407407, 159.5, 23.4636060598, A, DET
DET, 1983, 162.938271605, 162.0, 21.6200899251, A, DET
DET, 1984, 168.086419753, 163.0, 26.6642117068, A, DET
DET, 1985, 170.142857143, 167.0, 24.4984109366, A, DET
DET, 1986, 171.802469136, 172.0, 20.9003631329, A, DET
DET, 1987, 176.37654321, 174.0, 26.6863389086, A, DET
DET, 1988, 173.759259259, 171.0, 25.5480195545, A, DET
DET, 1989, 175.382716049, 170.0, 26.173480076, A, DET
DET, 1990, 179.154320988, 179.0, 24.9110940102, A, DET
DET, 1991, 185.74691358, 183.0, 31.3584044159, A, DET
DET, 1992, 182.339506173, 179.5, 24.105776056, A, DET
DET, 1993, 186.549382716, 184.0, 24.418180959, A, DET
DET, 1994, 188.756521739, 188.0, 27.3494587195, A, DET
DET, 1995, 174.958333333, 172.0, 26.0658554328, A, DET
DET, 1996, 180.419753086, 177.5, 25.5037466129, A, DET
DET, 1997, 178.00617284, 174.5, 27.1419444234, A, DET
DET, 1998, 171.240740741, 167.5, 29.6689149284, A, DET
DET, 1999, 173.51552795, 171.0, 22.8788615422, A, DET
DET, 2000, 181.0, 177.0, 25.7499850174, A, DET
DET, 2001, 172.382716049, 170.0, 26.9803622692, A, DET
DET, 2002, 164.527950311, 161.0, 20.0561516443, A, DET
DET, 2003, 158.790123457, 154.0, 24.7609389964, A, DET
DET, 2004, 166.401234568, 162.5, 23.8248391692, A, DET
DET, 2005, 164.91025641, 164.5, 23.4267466565, A, DET
DET, 2006, 166.24691358, 162.0, 25.7955067693, A, DET
DET, 2007, 179.50617284, 179.0, 24.6075986743, A, DET
DET, 2008, 180.438271605, 174.0, 28.2731258688, A, DET
DET, 2009, 170.319018405, 168.0, 27.9244611026, A, DET
CIN, 1970, 150.759259259, 147.0, 21.5079099878, N, CIN
CIN, 1971, 140.765432099, 139.0, 20.114960715, N, CIN
CIN, 1972, 145.607843137, 141.0, 24.3174095881, N, CIN
CIN, 1973, 147.277777778, 142.0, 24.5073055372, N, CIN
CIN, 1974, 149.828220859, 148.0, 22.0692149051, N, CIN
CIN, 1975, 148.320261438, 145.0, 23.7958785894, N, CIN
CIN, 1976, 150.955974843, 147.0, 26.0508322425, N, CIN
CIN, 1977, 151.5, 149.5, 22.230623412, N, CIN
CIN, 1978, 151.546583851, 147.0, 24.4568196768, N, CIN
CIN, 1979, 155.354037267, 151.0, 25.4854507119, N, CIN
CIN, 1980, 157.12962963, 154.0, 25.554139789, N, CIN
CIN, 1981, 159.138888889, 160.0, 19.9436513306, N, CIN
CIN, 1982, 154.833333333, 151.0, 25.9506297647, N, CIN
CIN, 1983, 156.641975309, 153.0, 24.8731640017, N, CIN
CIN, 1984, 162.456790123, 158.0, 26.3385130315, N, CIN
CIN, 1985, 152.679012346, 149.0, 23.4425102733, N, CIN
CIN, 1986, 161.512345679, 157.0, 26.45383532, N, CIN
CIN, 1987, 163.895061728, 162.5, 22.610662847, N, CIN
CIN, 1988, 160.366459627, 156.0, 27.1779709481, N, CIN
CIN, 1989, 159.827160494, 157.0, 28.196090318, N, CIN
CIN, 1990, 162.141975309, 160.0, 23.3578884774, N, CIN
CIN, 1991, 167.722222222, 162.0, 26.3136940361, N, CIN
CIN, 1992, 167.783950617, 164.0, 25.425689142, N, CIN
CIN, 1993, 161.475308642, 161.0, 23.4437073653, N, CIN
CIN, 1994, 172.704347826, 169.0, 27.2326447048, N, CIN
CIN, 1995, 168.048611111, 165.5, 22.5540492364, N, CIN
CIN, 1996, 170.487654321, 168.5, 23.7713484699, N, CIN
CIN, 1997, 165.907407407, 165.0, 22.9902839262, N, CIN
CIN, 1998, 165.722222222, 163.5, 24.986971914, N, CIN
CIN, 1999, 174.325153374, 171.0, 25.028544057, N, CIN
CIN, 2000, 180.282208589, 177.0, 25.2891279054, N, CIN
CIN, 2001, 178.395061728, 173.0, 26.2731045938, N, CIN
CIN, 2002, 178.320987654, 175.0, 23.2582533661, N, CIN
CIN, 2003, 170.302469136, 165.0, 22.4747016916, N, CIN
CIN, 2004, 173.8125, 172.5, 22.7074292633, N, CIN
CIN, 2005, 172.75625, 170.0, 20.5051051189, N, CIN
CIN, 2006, 170.395061728, 168.0, 25.3869700283, N, CIN
CIN, 2007, 172.49382716, 170.0, 24.1972978069, N, CIN
CIN, 2008, 174.851851852, 172.0, 27.464729845, N, CIN
CIN, 2009, 178.25308642, 173.5, 28.6081037747, N, CIN
WSN, 1970, 155.074074074, 152.0, 22.7529825899, N, MON
WSN, 1971, 147.061728395, 144.5, 21.798938517, N, MON
WSN, 1972, 145.432258065, 142.0, 24.1051511975, N, MON
WSN, 1973, 152.537037037, 148.0, 28.1025764139, N, MON
WSN, 1974, 144.279503106, 143.0, 24.0398765977, N, MON
WSN, 1975, 146.881987578, 144.0, 24.5871195088, N, MON
WSN, 1976, 144.49068323, 139.0, 23.884847457, N, MON
WSN, 1977, 152.728395062, 148.0, 30.5381818671, N, MON
WSN, 1978, 148.826086957, 145.0, 24.3702204022, N, MON
WSN, 1979, 155.140127389, 150.0, 26.5858682347, N, MON
WSN, 1980, 161.155279503, 159.0, 24.0314387785, N, MON
WSN, 1981, 155.527777778, 155.0, 24.5449166244, N, MON
WSN, 1982, 159.62345679, 156.0, 22.3855154426, N, MON
WSN, 1983, 160.067484663, 156.0, 27.4584189453, N, MON
WSN, 1984, 159.341614907, 158.0, 21.8453359549, N, MON
WSN, 1985, 161.416149068, 156.0, 26.6631993361, N, MON
WSN, 1986, 169.596273292, 167.0, 26.7159846729, N, MON
WSN, 1987, 167.469135802, 162.5, 25.1118910497, N, MON
WSN, 1988, 170.742331288, 165.0, 29.5673482978, N, MON
WSN, 1989, 174.191358025, 170.0, 28.1048596366, N, MON
WSN, 1990, 174.345679012, 171.0, 28.3643231368, N, MON
WSN, 1991, 174.832298137, 169.0, 33.8816420043, N, MON
WSN, 1992, 174.450617284, 171.0, 29.1767818374, N, MON
WSN, 1993, 171.957055215, 168.0, 25.225692836, N, MON
WSN, 1994, 177.903508772, 173.0, 25.9875035078, N, MON
WSN, 1995, 169.347222222, 167.5, 25.9607929398, N, MON
WSN, 1996, 172.790123457, 169.0, 28.1572813859, N, MON
WSN, 1997, 165.858024691, 163.5, 26.8654322122, N, MON
WSN, 1998, 161.598765432, 159.0, 20.9034995819, N, MON
WSN, 1999, 167.728395062, 166.0, 21.7607713335, N, MON
WSN, 2000, 171.061728395, 170.5, 21.2671692028, N, MON
WSN, 2001, 171.0, 169.0, 24.9545265445, N, MON
WSN, 2002, 174.709876543, 172.5, 25.6295263027, N, MON
WSN, 2003, 169.24691358, 165.0, 24.3127923775, N, MON
WSN, 2004, 171.0, 167.0, 26.0827268892, N, MON
WSN, 2005, 174.737179487, 173.5, 23.8526760794, N, WSN
WSN, 2006, 176.691358025, 174.0, 24.1950112067, N, WSN
WSN, 2007, 175.018518519, 170.0, 29.4897915424, N, WSN
WSN, 2008, 170.0, 168.0, 27.4180880587, N, WSN
WSN, 2009, 174.864197531, 174.0, 26.5631105415, N, WSN
NYM, 1970, 156.117283951, 153.0, 24.585046595, N, NYM
NYM, 1971, 147.728395062, 143.0, 27.4876009514, N, NYM
NYM, 1972, 149.780645161, 146.0, 24.3758926302, N, NYM
NYM, 1973, 148.906832298, 145.0, 30.5324999927, N, NYM
NYM, 1974, 148.135802469, 144.0, 30.0989122835, N, NYM
NYM, 1975, 149.086419753, 144.5, 23.914042329, N, NYM
NYM, 1976, 144.465838509, 141.0, 22.506046408, N, NYM
NYM, 1977, 148.197530864, 145.0, 23.0409832143, N, NYM
NYM, 1978, 151.759259259, 149.5, 24.7363394289, N, NYM
NYM, 1979, 156.588957055, 152.0, 27.1721912295, N, NYM
NYM, 1980, 159.296296296, 153.5, 29.7580550126, N, NYM
NYM, 1981, 153.228571429, 151.0, 21.2285778376, N, NYM
NYM, 1982, 158.666666667, 156.0, 22.6298720967, N, NYM
NYM, 1983, 156.030864198, 152.0, 25.6852801289, N, NYM
NYM, 1984, 160.987654321, 159.0, 19.4266546094, N, NYM
NYM, 1985, 169.49382716, 163.0, 33.2040542879, N, NYM
NYM, 1986, 174.919753086, 171.0, 30.0657670874, N, NYM
NYM, 1987, 177.907407407, 174.0, 26.9747951755, N, NYM
NYM, 1988, 169.4375, 165.0, 27.1165741522, N, NYM
NYM, 1989, 171.401234568, 166.0, 25.4845535101, N, NYM
NYM, 1990, 172.259259259, 169.0, 24.3562944828, N, NYM
NYM, 1991, 173.577639752, 168.0, 29.1455204684, N, NYM
NYM, 1992, 175.87654321, 172.5, 27.3364418811, N, NYM
NYM, 1993, 164.074074074, 161.0, 26.765916127, N, NYM
NYM, 1994, 171.672566372, 166.0, 28.9670067056, N, NYM
NYM, 1995, 168.555555556, 165.0, 27.4597629314, N, NYM
NYM, 1996, 167.111111111, 165.0, 24.8471872865, N, NYM
NYM, 1997, 171.580246914, 167.0, 26.5026736119, N, NYM
NYM, 1998, 175.925925926, 172.0, 29.471173519, N, NYM
NYM, 1999, 182.36196319, 178.0, 23.6126258433, N, NYM
NYM, 2000, 183.969135802, 182.0, 24.8850252059, N, NYM
NYM, 2001, 182.12345679, 178.0, 24.624529934, N, NYM
NYM, 2002, 180.50310559, 177.0, 27.2627254972, N, NYM
NYM, 2003, 171.888198758, 170.0, 20.6247134484, N, NYM
NYM, 2004, 178.765432099, 175.0, 26.0920836606, N, NYM
NYM, 2005, 169.892405063, 166.5, 22.9638090176, N, NYM
NYM, 2006, 173.574074074, 170.0, 27.3703014583, N, NYM
NYM, 2007, 176.796296296, 174.0, 28.4490315071, N, NYM
NYM, 2008, 181.549382716, 176.5, 29.0930929118, N, NYM
NYM, 2009, 174.956790123, 173.5, 22.3137970842, N, NYM
BAL, 1970, 153.765432099, 149.0, 27.5930621111, A, BAL
BAL, 1971, 145.392405063, 141.5, 25.1055582738, A, BAL
BAL, 1972, 143.24025974, 139.0, 22.7670459031, A, BAL
BAL, 1973, 153.314814815, 152.0, 22.8771469942, A, BAL
BAL, 1974, 151.227848101, 147.5, 26.2111433289, A, BAL
BAL, 1975, 149.8, 145.0, 27.0388967135, A, BAL
BAL, 1976, 149.602484472, 148.0, 28.4782317441, A, BAL
BAL, 1977, 156.906832298, 154.0, 28.2798352851, A, BAL
BAL, 1978, 154.350318471, 151.0, 22.6939948964, A, BAL
BAL, 1979, 160.842767296, 155.0, 29.6723267707, A, BAL
BAL, 1980, 162.888888889, 159.0, 25.6690715564, A, BAL
BAL, 1981, 162.19047619, 162.0, 25.5678724139, A, BAL
BAL, 1982, 162.797546012, 160.0, 24.5234730447, A, BAL
BAL, 1983, 160.030864198, 158.5, 24.0730428712, A, BAL
BAL, 1984, 159.888888889, 158.0, 24.8955844169, A, BAL
BAL, 1985, 170.403726708, 167.0, 23.0875672714, A, BAL
BAL, 1986, 171.209876543, 167.5, 24.0468760577, A, BAL
BAL, 1987, 172.660493827, 170.0, 22.8524963059, A, BAL
BAL, 1988, 169.776397516, 167.0, 26.3448169629, A, BAL
BAL, 1989, 181.407407407, 175.0, 28.5755562372, A, BAL
BAL, 1990, 183.403726708, 182.0, 24.2646840685, A, BAL
BAL, 1991, 181.598765432, 180.0, 27.750755718, A, BAL
BAL, 1992, 183.641975309, 179.0, 27.1556140398, A, BAL
BAL, 1993, 182.907407407, 178.0, 27.1686105997, A, BAL
BAL, 1994, 190.517857143, 189.0, 23.6499706066, A, BAL
BAL, 1995, 183.180555556, 181.0, 24.2609233067, A, BAL
BAL, 1996, 187.809815951, 180.0, 32.5539763476, A, BAL
BAL, 1997, 188.49382716, 185.5, 28.0830441602, A, BAL
BAL, 1998, 181.561728395, 181.0, 26.9122812293, A, BAL
BAL, 1999, 178.475308642, 175.5, 25.1445697982, A, BAL
BAL, 2000, 180.697530864, 178.0, 28.3468572313, A, BAL
BAL, 2001, 179.462962963, 176.5, 25.4505424252, A, BAL
BAL, 2002, 174.703703704, 170.0, 27.5407417369, A, BAL
BAL, 2003, 170.337423313, 166.0, 28.7803658488, A, BAL
BAL, 2004, 179.524691358, 175.0, 32.8041702817, A, BAL
BAL, 2005, 172.025316456, 169.0, 24.9911248467, A, BAL
BAL, 2006, 173.444444444, 172.0, 24.0403467447, A, BAL
BAL, 2007, 179.154320988, 176.0, 25.0031037549, A, BAL
BAL, 2008, 178.440993789, 177.0, 25.1398188821, A, BAL
BAL, 2009, 172.185185185, 170.0, 23.7201331951, A, BAL
OAK, 1970, 151.296296296, 150.5, 20.8109921361, A, OAK
OAK, 1971, 154.322981366, 152.0, 27.8796442772, A, OAK
OAK, 1972, 147.180645161, 143.0, 28.2642989146, A, OAK
OAK, 1973, 150.49382716, 147.5, 23.5412028898, A, OAK
OAK, 1974, 145.277777778, 142.0, 22.2172911196, A, OAK
OAK, 1975, 149.645962733, 149.0, 26.2289039602, A, OAK
OAK, 1976, 157.291925466, 154.0, 25.5767362638, A, OAK
OAK, 1977, 155.01242236, 153.0, 23.3501533046, A, OAK
OAK, 1978, 147.838509317, 144.0, 23.5540611474, A, OAK
OAK, 1979, 154.285714286, 153.0, 24.6194460764, A, OAK
OAK, 1980, 164.098765432, 158.0, 27.0819993692, A, OAK
OAK, 1981, 171.064220183, 164.0, 31.2084660442, A, OAK
OAK, 1982, 172.049382716, 168.0, 31.9540183661, A, OAK
OAK, 1983, 169.530864198, 164.0, 29.9652417656, A, OAK
OAK, 1984, 164.561728395, 161.0, 22.7636653729, A, OAK
OAK, 1985, 169.685185185, 167.0, 25.1699095831, A, OAK
OAK, 1986, 172.932098765, 171.5, 23.5576850566, A, OAK
OAK, 1987, 176.358024691, 173.0, 24.7981025967, A, OAK
OAK, 1988, 174.475308642, 170.5, 32.2084646142, A, OAK
OAK, 1989, 170.641975309, 168.0, 22.3207862167, A, OAK
OAK, 1990, 173.641975309, 170.0, 21.3794690033, A, OAK
OAK, 1991, 181.975308642, 177.5, 27.0107318903, A, OAK
OAK, 1992, 182.740740741, 183.0, 24.7375247411, A, OAK
OAK, 1993, 181.740740741, 177.0, 30.2333630519, A, OAK
OAK, 1994, 181.105263158, 179.0, 23.1745354885, A, OAK
OAK, 1995, 180.993055556, 176.5, 27.1568224822, A, OAK
OAK, 1996, 179.222222222, 175.0, 26.8450055129, A, OAK
OAK, 1997, 182.771604938, 180.0, 25.6070193626, A, OAK
OAK, 1998, 176.166666667, 174.0, 24.251065905, A, OAK
OAK, 1999, 183.530864198, 180.5, 24.9879410026, A, OAK
OAK, 2000, 188.465838509, 186.0, 25.4456017154, A, OAK
OAK, 2001, 183.462962963, 180.5, 26.9150788177, A, OAK
OAK, 2002, 181.345679012, 175.5, 28.4855000991, A, OAK
OAK, 2003, 165.919753086, 163.0, 22.8675678462, A, OAK
OAK, 2004, 174.12962963, 170.5, 28.3549239935, A, OAK
OAK, 2005, 164.907407407, 161.5, 23.9523203225, A, OAK
OAK, 2006, 166.882716049, 165.0, 26.1836783113, A, OAK
OAK, 2007, 173.154320988, 171.5, 27.8360657314, A, OAK
OAK, 2008, 167.832298137, 164.0, 26.38892955, A, OAK
OAK, 2009, 169.672839506, 165.5, 27.411097655, A, OAK
TEX, 1970, 153.271604938, 149.0, 27.4442250759, A, WSA
TEX, 1971, 147.974842767, 146.0, 31.2077537707, A, WSA
TEX, 1972, 150.223684211, 146.0, 25.3279015505, A, TEX
TEX, 1973, 149.672839506, 147.0, 23.3264090908, A, TEX
TEX, 1974, 152.1625, 149.5, 23.8392762841, A, TEX
TEX, 1975, 160.888198758, 157.0, 30.120460801, A, TEX
TEX, 1976, 162.703703704, 160.0, 28.9275145388, A, TEX
TEX, 1977, 162.5, 157.0, 28.0766697227, A, TEX
TEX, 1978, 150.679012346, 149.0, 23.3414415333, A, TEX
TEX, 1979, 149.512345679, 147.0, 22.7450273101, A, TEX
TEX, 1980, 159.159509202, 155.0, 24.8847469433, A, TEX
TEX, 1981, 149.085714286, 144.0, 21.9237267799, A, TEX
TEX, 1982, 151.864197531, 151.5, 19.5762220888, A, TEX
TEX, 1983, 158.190184049, 156.0, 28.8164387618, A, TEX
TEX, 1984, 152.950310559, 148.0, 24.4389977639, A, TEX
TEX, 1985, 162.229813665, 160.0, 19.6772872339, A, TEX
TEX, 1986, 173.62345679, 171.5, 23.4933705995, A, TEX
TEX, 1987, 178.907407407, 176.0, 26.4493005708, A, TEX
TEX, 1988, 175.248447205, 172.0, 27.9384930159, A, TEX
TEX, 1989, 179.203703704, 176.0, 22.1627367413, A, TEX
TEX, 1990, 177.302469136, 173.0, 26.0891372093, A, TEX
TEX, 1991, 185.191358025, 178.0, 32.2066119181, A, TEX
TEX, 1992, 181.012345679, 177.0, 32.2281580077, A, TEX
TEX, 1993, 178.351851852, 174.0, 27.9323415855, A, TEX
TEX, 1994, 191.561403509, 193.0, 29.6076789138, A, TEX
TEX, 1995, 178.729166667, 177.5, 25.843336437, A, TEX
TEX, 1996, 180.662576687, 179.0, 26.4717051998, A, TEX
TEX, 1997, 177.302469136, 175.0, 24.0760342665, A, TEX
TEX, 1998, 175.592592593, 173.5, 24.9895176927, A, TEX
TEX, 1999, 176.388888889, 175.5, 21.6886640471, A, TEX
TEX, 2000, 185.549382716, 180.0, 22.700968726, A, TEX
TEX, 2001, 184.166666667, 182.0, 25.8531584622, A, TEX
TEX, 2002, 185.395061728, 182.5, 25.0501615344, A, TEX
TEX, 2003, 173.722222222, 173.0, 23.6424628451, A, TEX
TEX, 2004, 171.030864198, 168.5, 25.5551745961, A, TEX
TEX, 2005, 171.325, 169.5, 24.6423289281, A, TEX
TEX, 2006, 169.339506173, 167.0, 22.2183784399, A, TEX
TEX, 2007, 178.62962963, 179.0, 26.89506102, A, TEX
TEX, 2008, 182.0, 178.0, 27.8942004681, A, TEX
TEX, 2009, 171.055555556, 168.5, 22.0835255058, A, TEX
PIT, 1970, 149.672839506, 148.0, 23.780329626, N, PIT
PIT, 1971, 147.265432099, 143.5, 23.5895439303, N, PIT
PIT, 1972, 147.62745098, 144.0, 26.152114688, N, PIT
PIT, 1973, 147.172839506, 143.5, 21.7316916691, N, PIT
PIT, 1974, 148.765432099, 146.0, 25.2526842993, N, PIT
PIT, 1975, 145.175, 142.0, 24.5238531842, N, PIT
PIT, 1976, 146.228395062, 141.5, 23.7448564128, N, PIT
PIT, 1977, 152.234567901, 147.5, 26.7714476635, N, PIT
PIT, 1978, 156.130434783, 152.0, 25.5649533092, N, PIT
PIT, 1979, 165.074074074, 160.5, 30.8231826245, N, PIT
PIT, 1980, 157.555555556, 155.0, 31.2972605593, N, PIT
PIT, 1981, 163.291262136, 158.0, 30.4833652131, N, PIT
PIT, 1982, 159.234567901, 154.0, 27.4580585239, N, PIT
PIT, 1983, 159.043209877, 156.0, 24.511360119, N, PIT
PIT, 1984, 153.839506173, 148.0, 27.6818150364, N, PIT
PIT, 1985, 160.062111801, 155.0, 30.0640495243, N, PIT
PIT, 1986, 166.333333333, 164.0, 29.2985905362, N, PIT
PIT, 1987, 168.12345679, 167.0, 26.2875282432, N, PIT
PIT, 1988, 168.9, 166.0, 23.8168007927, N, PIT
PIT, 1989, 168.798780488, 166.0, 29.5284443021, N, PIT
PIT, 1990, 167.950617284, 166.5, 23.674699333, N, PIT
PIT, 1991, 170.216049383, 166.0, 34.2421873825, N, PIT
PIT, 1992, 171.240740741, 164.0, 33.3325565753, N, PIT
PIT, 1993, 164.12345679, 159.5, 26.0540192468, N, PIT
PIT, 1994, 164.745614035, 162.0, 25.0013372988, N, PIT
PIT, 1995, 166.819444444, 163.0, 24.0741484151, N, PIT
PIT, 1996, 168.716049383, 163.5, 27.0720276427, N, PIT
PIT, 1997, 167.339506173, 164.0, 22.0076203358, N, PIT
PIT, 1998, 160.993865031, 159.0, 24.4458828713, N, PIT
PIT, 1999, 169.322981366, 165.0, 25.7902679137, N, PIT
PIT, 2000, 177.209876543, 174.0, 24.9862757635, N, PIT
PIT, 2001, 168.037037037, 166.0, 20.7492046222, N, PIT
PIT, 2002, 169.031055901, 167.0, 18.4021408288, N, PIT
PIT, 2003, 168.950617284, 166.0, 23.6316387809, N, PIT
PIT, 2004, 167.832298137, 166.0, 23.7052909745, N, PIT
PIT, 2005, 165.652173913, 161.0, 21.8655578364, N, PIT
PIT, 2006, 167.691358025, 166.0, 28.8671465084, N, PIT
PIT, 2007, 167.290123457, 165.0, 26.8729709768, N, PIT
PIT, 2008, 174.462962963, 170.0, 28.4292795705, N, PIT
PIT, 2009, 169.316770186, 165.0, 25.1678643468, N, PIT
CHC, 1970, 154.104938272, 150.0, 24.1115227883, N, CHC
CHC, 1971, 146.382716049, 143.5, 23.1060720475, N, CHC
CHC, 1972, nan, nan, 0.0, N, CHC
CHC, 1973, 147.813664596, 145.0, 23.7092127621, N, CHC
CHC, 1974, 160.74691358, 156.5, 26.2665143181, N, CHC
CHC, 1975, 152.530864198, 150.0, 21.8663654111, N, CHC
CHC, 1976, 148.01863354, 144.0, 26.7988764133, N, CHC
CHC, 1977, 153.160493827, 148.0, 29.7512140182, N, CHC
CHC, 1978, 155.12345679, 150.0, 30.8312342493, N, CHC
CHC, 1979, 155.03125, 150.5, 26.4268854282, N, CHC
CHC, 1980, 161.012345679, 154.5, 32.6498421629, N, CHC
CHC, 1981, 162.141509434, 157.0, 26.8782856453, N, CHC
CHC, 1982, 154.777777778, 153.0, 27.2593850641, N, CHC
CHC, 1983, 158.685185185, 155.0, 23.9918896333, N, CHC
CHC, 1984, nan, nan, 0.0, N, CHC
CHC, 1985, 165.080246914, 163.0, 24.224255367, N, CHC
CHC, 1986, 170.2375, 168.0, 31.2380952324, N, CHC
CHC, 1987, nan, nan, 0.0, N, CHC
CHC, 1988, 168.613496933, 164.0, 23.2271591489, N, CHC
CHC, 1989, nan, nan, 0.0, N, CHC
CHC, 1990, 164.456790123, 162.0, 26.6514073854, N, CHC
CHC, 1991, 170.98125, 165.0, 28.8739657553, N, CHC
CHC, 1992, 165.327160494, 158.0, 29.5849541021, N, CHC
CHC, 1993, 162.865030675, 160.0, 23.5953919119, N, CHC
CHC, 1994, 174.407079646, 168.0, 26.4777873739, N, CHC
CHC, 1995, 173.784722222, 171.5, 27.8717706636, N, CHC
CHC, 1996, 173.302469136, 169.0, 27.9220894691, N, CHC
CHC, 1997, 171.771604938, 168.0, 28.4692328385, N, CHC
CHC, 1998, nan, nan, 0.0, N, CHC
CHC, 1999, 173.049382716, 172.0, 28.2066454102, N, CHC
CHC, 2000, 179.888888889, 173.0, 30.6990569687, N, CHC
CHC, 2001, 176.49382716, 175.0, 23.5642664485, N, CHC
CHC, 2002, 176.858024691, 174.5, 25.992607516, N, CHC
CHC, 2003, nan, nan, 0.0, N, CHC
CHC, 2004, 168.530864198, 166.0, 26.6094694088, N, CHC
CHC, 2005, 164.612903226, 162.0, 22.5489824094, N, CHC
CHC, 2006, 169.87654321, 163.5, 30.8116070466, N, CHC
CHC, 2007, nan, nan, 0.0, N, CHC
CHC, 2008, nan, nan, 0.0, N, CHC
CHC, 2009, 171.888198758, 167.0, 27.3100426979, N, CHC
STL, 1970, 151.438271605, 145.5, 25.7585995129, N, STL
STL, 1971, 145.754601227, 143.0, 25.9844436766, N, STL
STL, 1972, 139.301282051, 138.0, 26.2139666903, N, STL
STL, 1973, 143.154320988, 142.0, 24.4947893143, N, STL
STL, 1974, 146.788819876, 142.0, 33.8558159335, N, STL
STL, 1975, 141.167701863, 138.0, 20.9954848813, N, STL
STL, 1976, 144.611111111, 142.0, 24.0416947493, N, STL
STL, 1977, 146.425925926, 143.5, 23.5237745658, N, STL
STL, 1978, 142.975308642, 139.5, 23.958284378, N, STL
STL, 1979, 151.159509202, 146.0, 27.027122569, N, STL
STL, 1980, 145.734567901, 142.0, 22.9725529225, N, STL
STL, 1981, 151.689320388, 149.0, 21.3673506162, N, STL
STL, 1982, 155.141975309, 152.0, 24.9057153647, N, STL
STL, 1983, 157.851851852, 151.0, 25.6763382986, N, STL
STL, 1984, 153.290123457, 149.0, 24.2860225255, N, STL
STL, 1985, 163.104938272, 159.0, 27.6051542925, N, STL
STL, 1986, 165.049689441, 162.0, 29.1823994523, N, STL
STL, 1987, 174.709876543, 169.5, 26.602627295, N, STL
STL, 1988, 167.117283951, 161.0, 30.194919408, N, STL
STL, 1989, 166.542682927, 164.5, 21.5064796276, N, STL
STL, 1990, 166.895061728, 165.0, 25.8835492883, N, STL
STL, 1991, 165.135802469, 164.0, 22.9571544492, N, STL
STL, 1992, 170.666666667, 166.5, 30.4515401301, N, STL
STL, 1993, 165.265432099, 161.0, 25.9314845599, N, STL
STL, 1994, 170.695652174, 169.0, 24.2641886463, N, STL
STL, 1995, 162.454545455, 160.0, 22.0069052331, N, STL
STL, 1996, 172.432098765, 167.0, 26.4894287191, N, STL
STL, 1997, 171.160493827, 166.0, 25.3213698799, N, STL
STL, 1998, 173.582822086, 166.0, 30.9899678901, N, STL
STL, 1999, 180.913043478, 179.0, 29.9632054493, N, STL
STL, 2000, 181.438271605, 179.0, 24.2176196845, N, STL
STL, 2001, 177.104938272, 173.0, 26.4520549331, N, STL
STL, 2002, 175.672839506, 174.5, 25.5311067221, N, STL
STL, 2003, 174.308641975, 170.5, 31.4584350404, N, STL
STL, 2004, 172.475308642, 172.0, 22.2672323662, N, STL
STL, 2005, 167.812903226, 165.0, 22.9537507222, N, STL
STL, 2006, 170.546583851, 169.0, 25.9339702188, N, STL
STL, 2007, 174.018518519, 169.5, 26.2752458781, N, STL
STL, 2008, 173.5, 169.0, 25.9337355962, N, STL
STL, 2009, 168.327160494, 166.0, 25.6235400661, N, STL
CLE, 1970, 156.049382716, 153.0, 25.9828534318, A, CLE
CLE, 1971, 156.203703704, 154.5, 27.3509741829, A, CLE
CLE, 1972, 150.987179487, 145.0, 24.5257549557, A, CLE
CLE, 1973, 158.74691358, 154.5, 29.546429612, A, CLE
CLE, 1974, 148.5125, 146.5, 22.4585694947, A, CLE
CLE, 1975, 154.624203822, 150.0, 26.8129672053, A, CLE
CLE, 1976, 157.208860759, 152.0, 29.7202257768, A, CLE
CLE, 1977, 159.273291925, 158.0, 24.38969021, A, CLE
CLE, 1978, 153.373417722, 151.5, 24.2146216361, A, CLE
CLE, 1979, 162.39375, 160.0, 25.8050617309, A, CLE
CLE, 1980, 164.34375, 163.0, 24.2229351223, A, CLE
CLE, 1981, 160.446601942, 157.0, 28.8402793286, A, CLE
CLE, 1982, 167.388888889, 163.0, 29.9574286424, A, CLE
CLE, 1983, 168.537037037, 164.0, 22.3134623841, A, CLE
CLE, 1984, 167.012269939, 162.0, 31.651086245, A, CLE
CLE, 1985, 171.49382716, 168.0, 23.5705525932, A, CLE
CLE, 1986, 175.834355828, 172.0, 26.362797687, A, CLE
CLE, 1987, 175.574074074, 172.0, 23.0508845484, A, CLE
CLE, 1988, 166.919753086, 165.0, 23.7291762888, A, CLE
CLE, 1989, 164.407407407, 159.5, 28.160815863, A, CLE
CLE, 1990, 165.333333333, 164.0, 23.539827034, A, CLE
CLE, 1991, 166.25308642, 164.0, 24.8084791679, A, CLE
CLE, 1992, 174.777777778, 172.5, 30.1440983721, A, CLE
CLE, 1993, 175.783950617, 171.0, 29.4030566849, A, CLE
CLE, 1994, 187.504424779, 183.0, 30.9293010241, A, CLE
CLE, 1995, 182.430555556, 178.0, 31.7003445429, A, CLE
CLE, 1996, 185.645962733, 182.0, 29.6187807504, A, CLE
CLE, 1997, 180.372670807, 178.0, 22.2715649911, A, CLE
CLE, 1998, 178.728395062, 173.0, 27.3107460177, A, CLE
CLE, 1999, 189.055555556, 185.0, 25.7706527509, A, CLE
CLE, 2000, 192.148148148, 189.0, 26.5379351635, A, CLE
CLE, 2001, 186.00617284, 184.0, 25.9958441393, A, CLE
CLE, 2002, 173.308641975, 172.0, 23.0882055162, A, CLE
CLE, 2003, 162.672839506, 159.0, 28.0380760173, A, CLE
CLE, 2004, 175.320987654, 173.0, 26.4527658058, A, CLE
CLE, 2005, 170.763975155, 169.0, 23.2238674424, A, CLE
CLE, 2006, 173.555555556, 171.0, 24.0208242989, A, CLE
CLE, 2007, 182.469135802, 179.0, 25.1722885159, A, CLE
CLE, 2008, 180.296296296, 178.5, 26.9670326599, A, CLE
CLE, 2009, 180.99382716, 180.5, 27.9164310468, A, CLE
HOU, 1970, 155.777777778, 150.0, 27.2455682204, N, HOU
HOU, 1971, 146.530864198, 141.5, 27.0030114552, N, HOU
HOU, 1972, 150.196078431, 148.0, 25.4160308692, N, HOU
HOU, 1973, 145.401234568, 140.5, 23.1816391469, N, HOU
HOU, 1974, 145.228395062, 142.5, 22.6239452224, N, HOU
HOU, 1975, 144.21656051, 140.0, 24.3779472421, N, HOU
HOU, 1976, 145.248447205, 143.0, 22.8318267174, N, HOU
HOU, 1977, 147.950617284, 143.5, 23.8782411591, N, HOU
HOU, 1978, 148.814814815, 144.5, 26.2674332992, N, HOU
HOU, 1979, 155.298136646, 152.0, 26.8977462679, N, HOU
HOU, 1980, 163.392638037, 159.0, 34.4099136063, N, HOU
HOU, 1981, 155.436363636, 150.0, 27.2572016414, N, HOU
HOU, 1982, 155.074074074, 152.0, 21.6551409673, N, HOU
HOU, 1983, 156.697530864, 155.5, 23.5317199914, N, HOU
HOU, 1984, 155.438271605, 153.0, 22.6919633781, N, HOU
HOU, 1985, 156.87037037, 155.0, 23.2506840173, N, HOU
HOU, 1986, 159.925925926, 158.0, 25.8348399932, N, HOU
HOU, 1987, 163.438271605, 160.0, 21.0838834237, N, HOU
HOU, 1988, 163.648148148, 159.0, 26.5693762785, N, HOU
HOU, 1989, 172.691358025, 166.0, 34.4132984543, N, HOU
HOU, 1990, 167.925925926, 165.0, 21.8890455594, N, HOU
HOU, 1991, 173.401234568, 169.0, 25.9304530145, N, HOU
HOU, 1992, 173.648148148, 173.0, 25.7989549559, N, HOU
HOU, 1993, 168.12345679, 166.0, 22.6221691312, N, HOU
HOU, 1994, 174.460869565, 174.0, 23.1296109693, N, HOU
HOU, 1995, 179.590277778, 173.0, 28.9176064195, N, HOU
HOU, 1996, 174.450617284, 171.5, 26.4239071674, N, HOU
HOU, 1997, 174.932098765, 171.0, 28.3936452948, N, HOU
HOU, 1998, 173.790123457, 170.0, 26.1704838213, N, HOU
HOU, 1999, 175.291925466, 170.0, 28.8180498458, N, HOU
HOU, 2000, 182.25308642, 179.0, 26.9240614148, N, HOU
HOU, 2001, 178.419753086, 177.0, 25.0031426161, N, HOU
HOU, 2002, 175.12345679, 173.5, 24.9208042971, N, HOU
HOU, 2003, 170.432098765, 164.5, 24.1205502628, N, HOU
HOU, 2004, 171.50617284, 173.0, 20.899597407, N, HOU
HOU, 2005, 163.163522013, 161.0, 22.6926065631, N, HOU
HOU, 2006, 173.956790123, 168.0, 30.9291002782, N, HOU
HOU, 2007, 175.450617284, 173.0, 30.014204964, N, HOU
HOU, 2008, 171.689440994, 169.0, 25.7405198191, N, HOU
HOU, 2009, 171.327160494, 169.0, 23.9978986341, N, HOU
CHW, 1970, 149.166666667, 146.5, 23.9758752206, A, CHW
CHW, 1971, 150.432098765, 147.0, 24.0803378999, A, CHW
CHW, 1972, 150.902597403, 145.0, 29.1413415179, A, CHW
CHW, 1973, 152.839506173, 150.0, 28.4554912534, A, CHW
CHW, 1974, 150.049689441, 145.0, 30.304008558, A, CHW
CHW, 1975, 152.245283019, 149.0, 27.9335953323, A, CHW
CHW, 1976, 153.3125, 151.0, 26.5361045323, A, CHW
CHW, 1977, 157.283950617, 154.0, 24.7327615826, A, CHW
CHW, 1978, 149.246835443, 148.0, 19.1052006668, A, CHW
CHW, 1979, 155.918238994, 153.0, 22.5058953991, A, CHW
CHW, 1980, 156.845679012, 154.0, 25.4683466063, A, CHW
CHW, 1981, 174.056603774, 168.0, 27.373320639, A, CHW
CHW, 1982, 169.981481481, 168.5, 26.0167259169, A, CHW
CHW, 1983, 169.12345679, 166.0, 26.9234776229, A, CHW
CHW, 1984, 163.740740741, 159.0, 34.5191940802, A, CHW
CHW, 1985, 173.055214724, 172.0, 23.9844662239, A, CHW
CHW, 1986, 171.25308642, 169.0, 24.9541089242, A, CHW
CHW, 1987, 173.104938272, 170.0, 25.3117861642, A, CHW
CHW, 1988, 170.732919255, 168.0, 25.5025897513, A, CHW
CHW, 1989, 176.173913043, 175.0, 22.4010772859, A, CHW
CHW, 1990, 180.845679012, 179.0, 27.8385049504, A, CHW
CHW, 1991, 186.759259259, 179.0, 33.5492645971, A, CHW
CHW, 1992, 178.425925926, 175.0, 27.9481012751, A, CHW
CHW, 1993, 172.580246914, 172.0, 22.5636899385, A, CHW
CHW, 1994, 184.628318584, 182.0, 27.6885953617, A, CHW
CHW, 1995, 180.462068966, 178.0, 26.0778729537, A, CHW
CHW, 1996, 179.771604938, 179.0, 28.5242532046, A, CHW
CHW, 1997, 180.639751553, 178.0, 25.0444456581, A, CHW
CHW, 1998, 172.533742331, 168.0, 26.3553540989, A, CHW
CHW, 1999, 174.75308642, 171.5, 25.6758188897, A, CHW
CHW, 2000, 182.777777778, 180.0, 25.8836427684, A, CHW
CHW, 2001, 177.104938272, 173.0, 23.887495573, A, CHW
CHW, 2002, 169.074074074, 168.0, 22.4157009445, A, CHW
CHW, 2003, 163.549382716, 164.0, 23.4881247824, A, CHW
CHW, 2004, 161.141975309, 159.0, 22.9784835707, A, CHW
CHW, 2005, 168.93125, 165.5, 29.8475547313, A, CHW
CHW, 2006, 169.043209877, 166.0, 29.3287767432, A, CHW
CHW, 2007, 172.864197531, 171.0, 26.0819000134, A, CHW
CHW, 2008, 170.926380368, 168.0, 27.7739689846, A, CHW
CHW, 2009, 165.518518519, 161.5, 26.0503364169, A, CHW
PHI, 1970, 153.409937888, 148.0, 26.2736369888, N, PHI
PHI, 1971, 148.697530864, 143.0, 29.3047186834, N, PHI
PHI, 1972, 140.523489933, 135.0, 26.4261879195, N, PHI
PHI, 1973, 144.987654321, 144.0, 24.1456454307, N, PHI
PHI, 1974, 149.833333333, 146.0, 25.7728084291, N, PHI
PHI, 1975, 151.444444444, 148.0, 24.1326069054, N, PHI
PHI, 1976, 139.310559006, 137.0, 25.3794155415, N, PHI
PHI, 1977, 141.308641975, 136.0, 23.7692829973, N, PHI
PHI, 1978, 140.543209877, 139.5, 20.1099136431, N, PHI
PHI, 1979, 147.920245399, 147.0, 21.4518955632, N, PHI
PHI, 1980, 151.273291925, 149.0, 28.8187713967, N, PHI
PHI, 1981, 150.906542056, 150.0, 24.81163908, N, PHI
PHI, 1982, 150.759259259, 148.0, 26.4196441962, N, PHI
PHI, 1983, 157.840490798, 152.0, 23.9884753466, N, PHI
PHI, 1984, 155.62345679, 152.0, 24.4083105236, N, PHI
PHI, 1985, 157.222222222, 155.0, 22.4744024488, N, PHI
PHI, 1986, 164.875776398, 161.0, 28.0283259038, N, PHI
PHI, 1987, 169.055555556, 166.0, 25.7744849429, N, PHI
PHI, 1988, 169.790123457, 169.0, 25.9278276786, N, PHI
PHI, 1989, 167.012269939, 164.0, 25.2097915854, N, PHI
PHI, 1990, 171.555555556, 168.0, 29.2787792365, N, PHI
PHI, 1991, 169.802469136, 164.5, 29.7005298839, N, PHI
PHI, 1992, 168.425925926, 167.0, 23.2096737908, N, PHI
PHI, 1993, 174.469135802, 169.0, 30.6789775691, N, PHI
PHI, 1994, 170.573913043, 166.0, 26.8642516204, N, PHI
PHI, 1995, 168.430555556, 166.0, 24.2526209287, N, PHI
PHI, 1996, 166.75308642, 165.5, 22.5607716269, N, PHI
PHI, 1997, 170.518518519, 167.0, 24.3377018459, N, PHI
PHI, 1998, 168.907407407, 162.5, 28.1700755236, N, PHI
PHI, 1999, 175.462962963, 174.0, 22.4136584485, N, PHI
PHI, 2000, 178.641975309, 177.0, 22.593459472, N, PHI
PHI, 2001, 175.50617284, 172.0, 24.5327312007, N, PHI
PHI, 2002, 180.881987578, 179.0, 28.2203791572, N, PHI
PHI, 2003, 178.0, 174.0, 26.4705753248, N, PHI
PHI, 2004, 179.2375, 175.0, 30.8337249412, N, PHI
PHI, 2005, 171.216049383, 171.5, 23.7111525397, N, PHI
PHI, 2006, 176.37654321, 172.0, 29.1653471515, N, PHI
PHI, 2007, 183.0, 178.0, 28.1150634024, N, PHI
PHI, 2008, 174.598765432, 170.0, 26.714877687, N, PHI
PHI, 2009, 175.783950617, 172.5, 25.1437151011, N, PHI
SDP, 1970, 152.364197531, 148.0, 25.7935191814, N, SDP
SDP, 1971, 144.621118012, 141.0, 27.0570926395, N, SDP
SDP, 1972, 151.137254902, 145.0, 27.7547755588, N, SDP
SDP, 1973, 143.444444444, 141.0, 21.168343474, N, SDP
SDP, 1974, 153.438271605, 150.0, 28.6939881341, N, SDP
SDP, 1975, 147.333333333, 142.0, 29.2488260818, N, SDP
SDP, 1976, 136.654320988, 134.0, 23.8165107653, N, SDP
SDP, 1977, 151.722222222, 150.0, 27.6881331268, N, SDP
SDP, 1978, 149.734567901, 148.5, 20.9130454914, N, SDP
SDP, 1979, 158.546583851, 154.0, 30.8719958552, N, SDP
SDP, 1980, 162.619631902, 155.0, 32.9172989725, N, SDP
SDP, 1981, 158.145454545, 153.5, 22.5855289002, N, SDP
SDP, 1982, 158.783950617, 154.0, 29.1479239537, N, SDP
SDP, 1983, 157.889570552, 152.0, 26.0028328176, N, SDP
SDP, 1984, 152.604938272, 151.5, 24.0245137217, N, SDP
SDP, 1985, 150.111111111, 148.0, 21.2222222222, N, SDP
SDP, 1986, 159.666666667, 157.0, 24.8618404611, N, SDP
SDP, 1987, 163.666666667, 162.0, 23.5780814725, N, SDP
SDP, 1988, 159.422360248, 157.0, 23.4665454355, N, SDP
SDP, 1989, 163.148148148, 160.0, 25.1219795119, N, SDP
SDP, 1990, 166.382716049, 162.0, 28.225532571, N, SDP
SDP, 1991, 167.327160494, 163.0, 24.8558387325, N, SDP
SDP, 1992, 165.654320988, 161.5, 26.962553133, N, SDP
SDP, 1993, 167.228395062, 164.5, 24.9634979672, N, SDP
SDP, 1994, 170.888888889, 166.0, 26.2677787666, N, SDP
SDP, 1995, 165.944444444, 161.0, 23.8358908237, N, SDP
SDP, 1996, 174.030864198, 169.0, 31.311147157, N, SDP
SDP, 1997, 178.234567901, 175.0, 28.93085482, N, SDP
SDP, 1998, 163.771604938, 160.0, 25.0932273317, N, SDP
SDP, 1999, 167.962732919, 165.0, 20.5492555362, N, SDP
SDP, 2000, 176.814814815, 172.0, 25.6655175842, N, SDP
SDP, 2001, 178.537037037, 174.0, 24.4578596746, N, SDP
SDP, 2002, 172.549382716, 170.0, 25.9084457532, N, SDP
SDP, 2003, 173.475308642, 170.0, 21.133380248, N, SDP
SDP, 2004, 165.574074074, 164.0, 20.2304029715, N, SDP
SDP, 2005, 166.901234568, 165.0, 24.2917477926, N, SDP
SDP, 2006, 170.456790123, 168.0, 23.4899765241, N, SDP
SDP, 2007, 167.588957055, 161.0, 27.5940622361, N, SDP
SDP, 2008, 171.895061728, 166.0, 32.4108669523, N, SDP
SDP, 2009, 175.067901235, 172.0, 27.7642470475, N, SDP
ANA, 1970, 154.617283951, 150.0, 24.4308385878, A, CAL
ANA, 1971, 150.87037037, 145.0, 29.1486481674, A, CAL
ANA, 1972, 143.5, 140.0, 21.5406592285, A, CAL
ANA, 1973, 147.808641975, 146.0, 21.7611994582, A, CAL
ANA, 1974, 145.987654321, 143.0, 19.2687259102, A, CAL
ANA, 1975, 152.032467532, 147.5, 28.0218882052, A, CAL
ANA, 1976, 153.754716981, 149.0, 29.3786207684, A, CAL
ANA, 1977, 154.259259259, 151.5, 23.3358611212, A, CAL
ANA, 1978, 158.0625, 152.5, 25.839574179, A, CAL
ANA, 1979, 162.308641975, 158.5, 24.3597735476, A, CAL
ANA, 1980, 163.15625, 159.5, 24.075284753, A, CAL
ANA, 1981, 159.945454545, 155.0, 25.0653097341, A, CAL
ANA, 1982, 162.783950617, 159.0, 30.8706419198, A, CAL
ANA, 1983, 160.75308642, 155.5, 26.6164021018, A, CAL
ANA, 1984, 157.012345679, 154.0, 24.1711969328, A, CAL
ANA, 1985, 170.543209877, 166.5, 28.657642586, A, CAL
ANA, 1986, 170.12962963, 169.0, 25.8366518511, A, CAL
ANA, 1987, 173.469135802, 170.0, 25.1882230073, A, CAL
ANA, 1988, 175.722222222, 173.0, 27.4118677552, A, CAL
ANA, 1989, 170.691358025, 167.5, 28.2373721259, A, CAL
ANA, 1990, 177.728395062, 173.0, 27.404610023, A, CAL
ANA, 1991, 173.302469136, 172.0, 24.3989702035, A, CAL
ANA, 1992, 171.333333333, 168.5, 27.1879602984, A, CAL
ANA, 1993, 173.388888889, 172.5, 27.3796468518, A, CAL
ANA, 1994, 183.686956522, 183.0, 24.9929956161, A, CAL
ANA, 1995, 185.317241379, 184.0, 24.3020372208, A, CAL
ANA, 1996, 183.01242236, 180.0, 28.9808220112, A, CAL
ANA, 1997, 186.49382716, 184.0, 29.4113539245, A, ANA
ANA, 1998, 178.179012346, 177.0, 24.2397755768, A, ANA
ANA, 1999, 171.938271605, 171.0, 21.6186623077, A, ANA
ANA, 2000, 184.969135802, 182.0, 26.6702365295, A, ANA
ANA, 2001, 176.888888889, 176.0, 23.1591381319, A, ANA
ANA, 2002, 179.401234568, 177.0, 27.0695172456, A, ANA
ANA, 2003, 167.456790123, 165.5, 23.4944434632, A, ANA
ANA, 2004, 171.598765432, 169.0, 25.4392182591, A, ANA
ANA, 2005, nan, nan, 0.0, A, ANA
ANA, 2006, nan, nan, 0.0, A, ANA
ANA, 2007, nan, nan, 0.0, A, ANA
ANA, 2008, nan, nan, 0.0, A, ANA
ANA, 2009, nan, nan, 0.0, A, ANA
LAD, 1970, 156.440993789, 152.0, 26.2711245307, A, LAD
LAD, 1971, 148.296296296, 144.0, 22.8013127435, A, LAD
LAD, 1972, 148.174193548, 144.0, 24.3843282265, A, LAD
LAD, 1973, 145.679012346, 140.0, 29.3492495374, A, LAD
LAD, 1974, 152.925925926, 151.0, 22.8152958102, A, LAD
LAD, 1975, 146.875, 144.5, 24.4958542411, A, LAD
LAD, 1976, 143.52173913, 138.0, 22.9328176133, A, LAD
LAD, 1977, 150.716049383, 148.0, 24.6139248795, A, LAD
LAD, 1978, 148.304347826, 146.0, 22.9168205545, A, LAD
LAD, 1979, 154.93081761, 154.0, 21.5963890229, A, LAD
LAD, 1980, 160.441717791, 156.0, 30.7975973407, A, LAD
LAD, 1981, nan, nan, 0.0, A, LAD
LAD, 1982, 166.25308642, 162.0, 32.5887793551, A, LAD
LAD, 1983, 161.711656442, 159.0, 24.8777930704, A, LAD
LAD, 1984, 164.586419753, 159.0, 26.7516343245, A, LAD
LAD, 1985, nan, nan, 0.0, A, LAD
LAD, 1986, 168.24691358, 164.0, 29.4675091484, A, LAD
LAD, 1987, 171.333333333, 169.0, 26.1224561642, A, LAD
LAD, 1988, nan, nan, 0.0, A, LAD
LAD, 1989, 171.26875, 165.0, 36.0958311088, A, LAD
LAD, 1990, 171.191358025, 169.0, 27.9339021313, A, LAD
LAD, 1991, 178.703703704, 176.5, 28.1053768611, A, LAD
LAD, 1992, 173.975308642, 172.5, 26.8162357807, A, LAD
LAD, 1993, 176.790123457, 172.0, 29.6931700379, A, LAD
LAD, 1994, 178.789473684, 178.0, 24.581220076, A, LAD
LAD, 1995, 173.6875, 168.0, 28.6335731339, A, LAD
LAD, 1996, 176.462962963, 172.0, 28.1146547808, A, LAD
LAD, 1997, nan, nan, 0.0, A, LAD
LAD, 1998, 165.783950617, 162.0, 24.3760961478, A, LAD
LAD, 1999, 177.87654321, 176.0, 27.6596968981, A, LAD
LAD, 2000, 183.438271605, 181.0, 25.5680986991, A, LAD
LAD, 2001, nan, nan, 0.0, A, LAD
LAD, 2002, 175.043209877, 172.0, 29.1077921699, A, LAD
LAD, 2003, 165.975308642, 161.5, 23.6950665848, A, LAD
LAD, 2004, 171.456790123, 170.5, 23.3653480807, A, LAD
LAD, 2005, 170.024691358, 168.0, 21.0108586322, A, LAD
LAD, 2006, 173.135802469, 169.0, 28.5967075228, A, LAD
LAD, 2007, 174.141975309, 171.5, 26.1910990638, A, LAD
LAD, 2008, 176.808641975, 173.5, 26.256224177, A, LAD
LAD, 2009, 188.25308642, 184.5, 26.2091096519, A, LAD
KCR, 1970, 155.919753086, 150.0, 28.247140879, A, KCR
KCR, 1971, 148.894409938, 145.0, 23.8917336687, A, KCR
KCR, 1972, 151.181818182, 147.0, 28.8676906857, A, KCR
KCR, 1973, 159.783950617, 157.0, 25.2647021458, A, KCR
KCR, 1974, 155.05625, 150.0, 26.8794175148, A, KCR
KCR, 1975, 158.27672956, 154.0, 23.249240726, A, KCR
KCR, 1976, 160.763975155, 155.0, 29.9215362162, A, KCR
KCR, 1977, 157.043209877, 151.5, 23.1784139588, A, KCR
KCR, 1978, 152.2875, 148.5, 24.467935012, A, KCR
KCR, 1979, 161.104938272, 156.5, 27.6114147143, A, KCR
KCR, 1980, 160.74691358, 159.0, 22.7540016094, A, KCR
KCR, 1981, 158.718446602, 153.0, 22.485126681, A, KCR
KCR, 1982, 162.438271605, 160.5, 20.6203008438, A, KCR
KCR, 1983, 161.343558282, 159.0, 22.45906443, A, KCR
KCR, 1984, 156.067901235, 155.0, 21.2158590062, A, KCR
KCR, 1985, 163.339506173, 159.0, 27.1298122158, A, KCR
KCR, 1986, 163.419753086, 161.0, 24.9311962827, A, KCR
KCR, 1987, 168.351851852, 165.5, 22.3955662009, A, KCR
KCR, 1988, 171.577639752, 171.0, 24.3102717731, A, KCR
KCR, 1989, 165.820987654, 162.0, 27.2566458814, A, KCR
KCR, 1990, 169.652173913, 169.0, 22.0443541791, A, KCR
KCR, 1991, 174.561728395, 170.5, 32.2671987556, A, KCR
KCR, 1992, 167.117283951, 164.5, 24.5890635638, A, KCR
KCR, 1993, 168.098765432, 167.0, 24.7162189656, A, KCR
KCR, 1994, 172.495652174, 169.0, 22.3028069643, A, KCR
KCR, 1995, 172.201388889, 170.5, 28.527418551, A, KCR
KCR, 1996, 168.807453416, 165.0, 25.350589082, A, KCR
KCR, 1997, 178.173913043, 171.0, 28.3734118427, A, KCR
KCR, 1998, 170.093167702, 168.0, 22.4490593094, A, KCR
KCR, 1999, 180.48447205, 177.0, 24.3904842432, A, KCR
KCR, 2000, 181.345679012, 177.0, 24.8916965152, A, KCR
KCR, 2001, 173.197530864, 170.0, 25.2486008673, A, KCR
KCR, 2002, 174.413580247, 168.5, 29.4177331801, A, KCR
KCR, 2003, 165.5, 164.0, 22.9352954587, A, KCR
KCR, 2004, 166.907407407, 165.0, 22.2141111741, A, KCR
KCR, 2005, 167.329192547, 165.0, 26.0643676232, A, KCR
KCR, 2006, 175.672839506, 171.5, 26.4334314712, A, KCR
KCR, 2007, 176.74691358, 176.5, 26.2932915747, A, KCR
KCR, 2008, 173.222222222, 168.5, 26.9361384678, A, KCR
KCR, 2009, 174.049382716, 172.0, 24.8143234396, A, KCR
SFG, 1970, 167.987654321, 163.5, 28.9902043171, N, SFG
SFG, 1971, 157.851851852, 155.0, 23.8325491252, N, SFG
SFG, 1972, 149.522875817, 147.0, 22.4517157932, N, SFG
SFG, 1973, 153.808641975, 150.0, 24.7833909812, N, SFG
SFG, 1974, 146.679012346, 144.0, 23.0176138462, N, SFG
SFG, 1975, 146.248447205, 145.0, 20.162085769, N, SFG
SFG, 1976, 143.191358025, 137.0, 24.6688021975, N, SFG
SFG, 1977, 148.864197531, 145.5, 24.4041349899, N, SFG
SFG, 1978, 144.913580247, 143.5, 23.1224318058, N, SFG
SFG, 1979, 156.043209877, 153.5, 22.2364811935, N, SFG
SFG, 1980, 155.844720497, 150.0, 26.250479796, N, SFG
SFG, 1981, 165.675675676, 160.0, 28.863194607, N, SFG
SFG, 1982, 168.62962963, 163.0, 28.5635286943, N, SFG
SFG, 1983, 161.166666667, 158.0, 25.2724048014, N, SFG
SFG, 1984, 167.0, 162.0, 29.2179971597, N, SFG
SFG, 1985, 156.666666667, 154.0, 23.7031539288, N, SFG
SFG, 1986, 169.833333333, 165.0, 29.9627855601, N, SFG
SFG, 1987, 173.148148148, 172.0, 26.4061866634, N, SFG
SFG, 1988, 168.450617284, 165.5, 27.9300388027, N, SFG
SFG, 1989, 165.549382716, 160.5, 26.2499976412, N, SFG
SFG, 1990, 169.50617284, 168.0, 23.5943723447, N, SFG
SFG, 1991, 170.166666667, 165.0, 25.812058145, N, SFG
SFG, 1992, 170.641975309, 164.0, 28.3445766981, N, SFG
SFG, 1993, 170.845679012, 169.0, 26.6380798134, N, SFG
SFG, 1994, 172.591304348, 169.0, 21.9195745961, N, SFG
SFG, 1995, 171.402777778, 169.0, 31.4899277205, N, SFG
SFG, 1996, 173.067901235, 172.0, 24.7291816779, N, SFG
SFG, 1997, 177.339506173, 177.5, 26.1222585141, N, SFG
SFG, 1998, 176.233128834, 171.0, 31.5580234034, N, SFG
SFG, 1999, 184.864197531, 180.0, 26.5203174321, N, SFG
SFG, 2000, 181.296296296, 179.0, 27.7321600733, N, SFG
SFG, 2001, 186.098765432, 181.0, 30.6512058201, N, SFG
SFG, 2002, 182.339506173, 181.0, 24.1137130138, N, SFG
SFG, 2003, 171.732919255, 168.0, 21.4429063583, N, SFG
SFG, 2004, 174.783950617, 171.0, 23.2333091917, N, SFG
SFG, 2005, 165.6, 162.5, 23.0339966137, N, SFG
SFG, 2006, 166.285714286, 164.0, 23.5752867161, N, SFG
SFG, 2007, 170.080246914, 165.5, 25.5994739517, N, SFG
SFG, 2008, 173.302469136, 171.0, 22.5207968376, N, SFG
SFG, 2009, 168.839506173, 166.0, 27.1240664811, N, SFG
